SF3001,jayachandran,kamal,09/10/1999,Male,89,98,78
SF3002,venakt,kali,09/10/1999,Male,89,98,78
SF3003,jai,sankar,09/02/2001,Male,89,90,99
SF3001,jayachandran,kamal,09/10/1999,Male,89,98,78
SF3002,venakt,kali,09/10/1999,Male,89,98,78
SF3003,jai,sankar,09/02/2001,Male,89,90,99
SF3001,jayachandran,kamal,09/10/1999,Male,89,98,78
SF3002,venakt,kali,09/10/1999,Male,89,98,78
SF3003,jai,sankar,09/02/2001,Male,89,90,99
SF3001,jayachandran,kamal,09/10/1999,Male,89,98,78
SF3002,venakt,kali,09/10/1999,Male,89,98,78
SF3003,jai,sankar,09/02/2001,Male,89,90,99
SF3001,jayachandran,kamal,09/10/1999,Male,89,98,78
SF3002,venakt,kali,09/10/1999,Male,89,98,78
SF3003,jai,sankar,09/02/2001,Male,89,90,99
SF3001,jayachandran,kamal,09/10/1999,Male,89,98,78
SF3002,venakt,kali,09/10/1999,Male,89,98,78
SF3003,jai,sankar,09/02/2001,Male,89,90,99
SF3001,jayachandran,kamal,09/10/1999,Male,89,98,78
SF3002,venakt,kali,09/10/1999,Male,89,98,78
SF3003,jai,sankar,09/02/2001,Male,89,90,99
SF3001,jayachandran,kamal,09/10/1999,Male,89,98,78
SF3002,venakt,kali,09/10/1999,Male,89,98,78
SF3003,jai,sankar,09/02/2001,Male,89,90,99
SF3001,jayachandran,kamal,09/10/1999,Male,89,98,78
SF3002,venakt,kali,09/10/1999,Male,89,98,78
SF3003,jai,sankar,09/02/2001,Male,89,90,99
SF3001,jayachandran,kamal,09/10/1999,Male,89,98,78
SF3002,venakt,kali,09/10/1999,Male,89,98,78
SF3003,jai,sankar,09/02/2001,Male,89,90,99
SF3001,jayachandran,kamal,09/10/1999,Male,89,98,78
SF3002,venakt,kali,09/10/1999,Male,89,98,78
SF3003,jai,sankar,09/02/2001,Male,89,90,99
SF3001,jayachandran,kamal,09/10/1999,Male,89,98,78
SF3002,venakt,kali,09/10/1999,Male,89,98,78
SF3003,jai,sankar,09/02/2001,Male,89,90,99
SF3001,jayachandran,kamal,09/10/1999,Male,89,98,78
SF3002,venakt,kali,09/10/1999,Male,89,98,78
SF3003,jai,sankar,09/02/2001,Male,89,90,99
SF3001,jayachandran,kamal,09/10/1999,Male,89,98,78
SF3002,venakt,kali,09/10/1999,Male,89,98,78
SF3003,jai,sankar,09/02/2001,Male,89,90,99
SF3001,jayachandran,kamal,09/10/1999,Male,89,98,78
SF3002,venakt,kali,09/10/1999,Male,89,98,78
SF3003,jai,sankar,09/02/2001,Male,89,90,99
SF3001,jayachandran,kamal,09/10/1999,Male,89,98,78
SF3002,venakt,kali,09/10/1999,Male,89,98,78
SF3003,jai,sankar,09/02/2001,Male,89,90,99
